"	Articles",,,,,,,,,,,,,,,,,,,,,,,,,,,,,,,,,,,,,,,,,,
"0	""Want to discuss? Please read our Commenting Policy first.Federal officials stressed the dangers to long-term care residents and Indigenous communities if COVID-19 restrictions are lifted too quickly after projections in Quebec painted a dire picture of the potential cost.Prime Minister Justin Trudeau said Saturday he is â€œvery worriedâ€ about residents of Montreal", the epicentre of the COVID-19 pandemic in Canada, where the province is preparing to loosen confinement measures despite a rash of fatal outbreaks at nursing homes.â€œWe must make sure that we are ensuring protection of our older citizens as an absolute priority,â€ Trudeau told reporters.,,,,,,,,,,,,,,,,,,,,,,,,,,,,,,,,,,,,,,,
"			READ MORE: 			",,,,,,,,,,,,,,,,,,,,,,,,,,,,,,,,,,,,,,,,,,
"				Coronavirus: Hasty re-opening could send Canadians â€˜back into confinement",,,,,,,,,,,,,,,,,,,,,,,,,,,,,,,,,,,,,,,,,,
â€œI understand the economic pressures weâ€™re all under and I understand people do want to go outside. But we need to do it in ways that we are sure are going to keep people safe,"â€™ Trudeau says			",,,,,,,,,,,,,,,,,,,,,,,,,,,,,,,,,,,,,,,,,
"				Coronavirus: No easy fix for problems in Canadaâ€™s nursing",,,,,,,,,,,,,,,,,,,,,,,,,,,,,,,,,,,,,,,,,,
Questions about access to supplies are emerging among other vulnerable populations as health officials and community leaders work to contain spread of COVID-19 in Saskatchewanâ€™s far north.The region has seen a spike in cases in and around the remote Dene village of La Loche, because the last thing that people want is a few weeks from now (is) being told, â€˜OK, we loosened the rules and now COVIDâ€™s spreading again and youâ€™re all going to have go inside for the rest of the summer.â€â€™The comments came less than 24 hours after Quebecâ€™s public health institute said deaths could soar to 150 a day in the greater Montreal area if physical distancing measures are lifted. New cases could mushroom to 10,000 by June amid a potential surge in hospitalizations.Premier Francois Legault said this week that elementary schools, daycares and retail stores with outdoor entrances in Montreal can reopen May 25 â€” the second time he has pushed back the date, but ahead of other large cities.Federal officials remain concerned about a rising death toll.â€œIâ€™m afraid of more people dying and more outbreaks,â€ said Dr. Howard Njoo, the countryâ€™s deputy chief public health officer.[ Sign up for our Health IQ newsletter for the latest coronavirus updates ]Long-term care residents account for more than 80 per cent of deaths caused by the virus across Canada despite making up only one in five cases, chief public health officer Dr. Theresa Tam said.Stricter measures â€œmay have to be reinstatedâ€ if controls ease up too soon, she said.â€œThe virus has not disappeared from the face of the earth,â€ Tam said.,,,,,,,,,,,,,,,,,,,,,,,,,,,,,,,
"				Coronavirus: Canada â€˜will not be payingâ€™ for sub standard N95 masks",,,,,,,,,,,,,,,,,,,,,,,,,,,,,,,,,,,,,,,,,,
Canadaâ€™s case count climbed over 67,,,,,,,,,,,,,,,,,,,,,,,,,,,,,,,,,,,,,,,,,,
"1	""Want to discuss? Please read our Commenting Policy first.Prime Minister Justin Trudeau said Canada will not be paying for N95 masks imported from China which have been deemed unfit for use by the Public Health Agency of Canada.Trudeau made the remarks from Rideau Cottage Saturday morning"," retirement homes			",,,,,,,,,,,,,,,,,,,,,,,,,,,,,,,,,,,,,,,,,
"				8 million N95 masks from a single distributor failed to meet federal standards			",,,,,,,,,,,,,,,,,,,,,,,,,,,,,,,,,,,,,,,,,,
A federal government source clarified that discussions about a possible refund on the masks â€” or a discount in the event the government can find a use for the supplies â€” are ongoing.The office of Procurement Minister Anita Anand said Friday that of the nearly 11 million masks received from the distributor, a community of 2,800 about 600 kilometres northwest of Saskatoon, where an outbreak has affected more than 100 residents.Leonard Montgrand, the regional representative of Metis Nation-Saskatchewan, said Friday the situation is getting scary because infrastructure isnâ€™t set up to respond to the crisis.Indigenous Services Minister Marc Miller said outbreaks of COVID-19 in First Nations communities may have been delayed because of their remoteness, but the government needs to remain vigilant in the future.â€œYou could see languages disappear,â€ he said, referring to elders who make up the last generation to speak an Indigenous dialect.â€œFirst Nations, Inuit and Metis communities have done an incredible job in responding and preventing outbreaks. Their collective work in this is critical and our commitment to support them in making sure they have what they need and are able to continue to protect their community members remains steadfast,â€ Miller said.He cited a need for better data collection to help protect the communities and understand the spread of the virus among Indigenous people, and called on provincial governments to help in that area.The full scope of the outbreak among Indigenous populations remains unknown because federal data collection is carried out mainly among on-reserve and northern communities, he said.,,,,,,,,,,,,,,,,,,,,,,,,,,,,,,
"2	""Want to discuss? Please read our Commenting Policy first.Prime Minister Justin Trudeau announced increased funding for seniors",,,,,,,,,,,,,,,,,,,,,,,,,,,,,,,,,,,,,,,,,,
"				Canada at critical juncture in coronavirus battle: Canadaâ€™s top health official			",,,,,,,,,,,,,,,,,,,,,,,,,,,,,,,,,,,,,,,,,,
â€œIn a country like Canada," Trudeau says			",,,,,,,,,,,,,,,,,,,,,,,,,,,,,,,,,,,,,,,,,
"3	""Want to discuss? Please read our Commenting Policy first.Prime Minister Justin Trudeau announced increased funding for seniors",,,,,,,,,,,,,,,,,,,,,,,,,,,,,,,,,,,,,,,,,,
"				Canada at critical juncture in coronavirus battle: Canadaâ€™s top health official			",000 on Saturday. Quebecers make up more than half of the total cases (36,986), and about half of those are in Montreal.On top of sustained community transmission in pockets of the city, long-term care homes have come under such strain that 1,350 Canadian Forces soldiers will be deployed to 25 facilities by mid-May to help residents, the federal government says.â€œTheyâ€™re dying in indignity in vast numbers. And that will continue if there are measures that are relaxed too soon. That is the scientific conclusion,â€ Miller said.Meanwhile, Trudeau says Canada will not pay the full price for medical masks that do not live up to medical standards.On Friday, the federal government suspended shipments of N95 respirators from a Montreal-based supplier after about eight million of the masks made in China failed to meet specifications.Trudeau said the move speaks to the governmentâ€™s â€œrigorous verification systemâ€ overseen by the Public Health Agency of Canada.â€œWe will not pay the full price for masks that we will not be able to use,â€ he said.The news Saturday was a bit better in Ontario, where Premier Doug Ford announced they will reopen provincial parks Monday after one of the lowest daily case counts (346) in recent weeks.Get a roundup of the most important and intriguing stories, delivered to your inboxGet a roundup of the most important and intriguing stories," delivered to your inbox""",,,,,,,,,,,,,,,,,,,,,,,,,,,,,
â€œIn a country like Canada, saying officials are â€œchecking with the supplierâ€ to see if there are alternative uses for the masks.â€œBut we will not be paying for masks that do not hit the standards that we expect to give to our front line workers,â€ he said.Trudeauâ€™s comments come a day after the federal government suspended shipments of N95 masks from a Montreal-based supplier after approximately eight million masks made in China failed to meet specifications.,,,,,,,,,,,,,,,,,,,,,,,,,,,,,,,,,,,,,,,,
"4	""Want to discuss? Please read our Commenting Policy first.Prime Minister Justin Trudeau announced Tuesday the federal government is spending $130 million to help the countryâ€™s northern communities during the coronavirus pandemic.He said $72.6 million of the money would go towards health services and community preparedness within the countryâ€™s three territories.Trudeau added Canadians living in the Arctic",,,,,,,,,,,,,,,,,,,,,,,,,,,,,,,,,,,,,,,,,,
"				Travellers need â€˜credible quarantine plan",,,,,,,,,,,,,,,,,,,,,,,,,,,,,,,,,,,,,,,,,,
Whether or not they have symptoms,,,,,,,,,,,,,,,,,,,,,,,,,,,,,,,,,,,,,,,,,,
"				Coronavirus coverup is â€˜Chinaâ€™s Chernobyl moment",,,,,,,,,,,,,,,,,,,,,,,,,,,,,,,,,,,,,,,,,,
â€œWe will have to remain vigilant until such a point as a vaccine against COVID-19 is found.â€In response to a question about the federal governmentâ€™s plan to help residents in long-term care homes, about one million met federal standards while another 1.6 million masks were still being tested.[ Sign up for our Health IQ newsletter for the latest coronavirus updates ]Anandâ€™s office said none of the approximately eight million masks that fell below federal standards were distributed for medical use.Trudeau on Saturday said the decision to suspend shipments from the unnamed supplier is â€œproof that our system works.â€â€œWe are testing all those masks, all those items before they reach our health-care workers because we will not compromise on the safety and protection for health-care workers,â€ he said. READ MORE:  United Front groups in Canada helped Beijing stockpile coronavirus safety supplies  The federal government has contracts with several suppliers for a total of 135.5 million masks.Trudeau on Saturday said Canada has now received 23 planeloads of personal protective equipment.But, the Prime Minister said there is always a risk with imported goods that they may not be up to Canadian standards.â€œAnd this is why we tested them upon arrival before sending them to our front line workers,â€ he said in French.Trudeau said Canada is also â€œramping upâ€ domestic manufacturing capacity to â€œensure that weâ€™re weâ€™re covering the needs that we have for the longer term.â€â€“With files from The Canadian PressGet a roundup of the most important and intriguing stories, delivered to your inboxGet a roundup of the most important and intriguing stories," delivered to your inbox""",,,,,,,,,,,,,,,,,,,,,,,,,,,,,,,,,,,
"5	""Want to discuss? Please read our Commenting Policy first.If only Prime Minister Justin Trudeau had been wearing a mask at his coronavirus briefing on Tuesday", youth and other vulnerable groups that have been impacted by the coronavirus pandemic.Speaking from Rideau Cottage in Ottawa on Sunday, he said the government will contribute $9 million through United Way Canada for local organizations that support practical services to Canadian seniors.These services will include grocery delivery, medications, and personal outreach to assess individualsâ€™ needs and connect them to community supports.,,,,,,,,,,,,,,,,,,,,,,,,,,,,,,,,,,,,,,
"				COVIDIOTS â€” New name for shaming ignorant",,,,,,,,,,,,,,,,,,,,,,,,,,,,,,,,,,,,,,,,,,
â€œIt prevents you from breathing or speaking moistly on them,,,,,,,,,,,,,,,,,,,,,,,,,,,,,,,,,,,,,,,,,,
"				Turkmenistan bans use of the word â€˜coronavirusâ€™			",,,,,,,,,,,,,,,,,,,,,,,,,,,,,,,,,,,,,,,,,,
â€œTrudeau really knows how to lighten the mood,,,,,,,,,,,,,,,,,,,,,,,,,,,,,,,,,,,,,,,,,,
"6	""Want to discuss? Please read our Commenting Policy first.Prime Minister Justin Trudeau and Conservative Leader Andrew Scheer are among the MPs who are promising to donate an automatic increase in their salaries to charity", no one should be forgotten,â€ he said.The latest economic measures announced by the Canadian government will also contribute $7.5 million in funding to Kids Help Phone, which provides counselling services to children and youth.In a statement, the Office of the Prime Minister said Kids Help Phone had seen increased demand for its 24/7 confidential online, telephone, and text counselling services across Canada as a result of school closures and reduced access to community resources.Addressing young Canadians directly, Trudeau said â€œThere are people in your corner making sure youâ€™re OK.â€The prime minister also pledged over $200 million aimed at supporting shelters throughout the country for Canadians experiencing homelessness and helping women and children fleeing violence. This measure was originally announced on March 18.Trudeau said $157.5 million will be used to address the needs of Canadaâ€™s homeless, while $50 million would be allocated to womenâ€™s shelters and sexual assault centres to help with their capacity to manage or prevent an outbreak in their facilities. This includes funding for facilities in Indigenous communities.â€œIf you canâ€™t go home because it isnâ€™t safe, because you donâ€™t have a home, weâ€™re not going to forget you. Weâ€™ll work with the organizations you rely on. Weâ€™ll have your back,â€ Trudeau said.â€œIf you need to get away from domestic violence or violence because of your gender, if you need somewhere to stay, there are places you can go and be safe.â€[ Sign up for our Health IQ newsletter for the latest coronavirus updates ]READ MORE: Coronavirus â€” Canada to ban sick travellers from domestic flights, intercity trainsOn Saturday, Trudeau announced that beginning Monday, domestic airlines and federally-regulated train operators will prevent anyone showing signs of illness from travelling.â€œAs of Monday at noon, people showing any signs whatsoever of COVID-19 will be denied boarding at all domestic flights and intercity passenger trains,â€ Trudeau told reporters.A press release detailing the new measures also said the restrictions would require all air operators and intercity rail companies to do a â€œhealth check,â€ and screen their passengers before they come on board.During her daily update on Sunday, Canadaâ€™s chief medical officer, Dr. Theresa Tam, warned Canadians that â€œeven if you are not hearing of cases in your community, that doesnâ€™t mean there are no cases or that there are no exposures waiting to happen.â€As of Sunday afternoon, there were 6,232 confirmed cases of COVID-19 in Canada. Tam said a total of 63 people have died from the virus.She said over 205,000 Canadians had been tested for COVID-19. Of those tested, adding that three per cent tested positive while over 90 per cent tested negative for the virus.Tam said between six and seven per cent of cases need hospitalization and three per cent were critically ill. One per cent of cases so far have been fatal.READ MORE: 65% of reported COVID-19 cases in Canada related to community transmission, latest data saysCorrecting figures she provided on Saturday, she clarified 12 per cent of the patients hospitalized are under the age of 40.New data released by PHAC said 65 per cent of reported cases in Canada were linked to community transmission, while 35 per cent were either â€œexposed while travelling or exposed to a traveller returning to Canada.â€As of Saturday, demographics, symptoms and outcomes were only available for 2,811 cases reported in Canada, providing a limited snapshot of who has caught the virus and how.Sophie GrÃ©goire Trudeau, who was diagnosed with COVID-19 on March 12, also provided an update on Saturday, saying she was feeling â€œso much betterâ€ and had received the â€œall clearâ€ from her physician and Ottawa Public Health.During his daily update Prime Minister Trudeau said Sophie was â€œfeeling great,â€ and confirmed that their children were also doing well.â€œWeâ€™re all doing well,â€ he said, adding that he would continue to work from home.â€“With files from Global Newsâ€™ Maryam Shah and David LaoGet a roundup of the most important and intriguing stories, delivered to your inboxGet a roundup of the most important and intriguing stories," delivered to your inbox"""
"				Coronavirus outbreak is the worldâ€™s worst crisis since Second World War: UN chief			", youth and other vulnerable groups that have been impacted by the coronavirus pandemic.Speaking from Rideau Cottage in Ottawa on Sunday, he said the government will contribute $9 million through United Way Canada for local organizations that support practical services to Canadian seniors.These services will include grocery delivery, medications, and personal outreach to assess individualsâ€™ needs and connect them to community supports.,,,,,,,,,,,,,,,,,,,,,,,,,,,,,,,,,,,,,,
Trudeau has been under pressure to cancel both.However,,,,,,,,,,,,,,,,,,,,,,,,,,,,,,,,,,,,,,,,,,
"				Hereâ€™s how the COVID-19 curve could look with social distancing",,,,,,,,,,,,,,,,,,,,,,,,,,,,,,,,,,,,,,,,,,
A freeze would require legislation approved by Parliament,,,,,,,,,,,,,,,,,,,,,,,,,,,,,,,,,,,,,,,,,,
"				â€˜Itâ€™s criticalâ€™: More than 200 charities call on feds for funding amid COVID-19			",,,,,,,,,,,,,,,,,,,,,,,,,,,,,,,,,,,,,,,,,,
"7	""Want to discuss? Please read our Commenting Policy first.An already grim employment toll looked set to worsen Thursday as authorities pondered further tightening restrictions on people and businesses to slow the spread of COVID-19 and keep the pandemic from suffocating the health-care system.Prime Minister Justin Trudeau said too many Canadians were still going out needlessly", no one should be forgotten,â€ he said.The latest economic measures announced by the Canadian government will also contribute $7.5 million in funding to Kids Help Phone, which provides counselling services to children and youth.In a statement, the Office of the Prime Minister said Kids Help Phone had seen increased demand for its 24/7 confidential online, telephone, and text counselling services across Canada as a result of school closures and reduced access to community resources.Addressing young Canadians directly, Trudeau said â€œThere are people in your corner making sure youâ€™re OK.â€The prime minister also pledged over $200 million aimed at supporting shelters throughout the country for Canadians experiencing homelessness and helping women and children fleeing violence. This measure was originally announced on March 18.Trudeau said $157.5 million will be used to address the needs of Canadaâ€™s homeless, while $50 million would be allocated to womenâ€™s shelters and sexual assault centres to help with their capacity to manage or prevent an outbreak in their facilities. This includes funding for facilities in Indigenous communities.â€œIf you canâ€™t go home because it isnâ€™t safe, because you donâ€™t have a home, weâ€™re not going to forget you. Weâ€™ll work with the organizations you rely on. Weâ€™ll have your back,â€ Trudeau said.â€œIf you need to get away from domestic violence or violence because of your gender, if you need somewhere to stay, there are places you can go and be safe.â€[ Sign up for our Health IQ newsletter for the latest coronavirus updates ]READ MORE: Coronavirus â€” Canada to ban sick travellers from domestic flights, intercity trainsOn Saturday, Trudeau announced that beginning Monday, domestic airlines and federally-regulated train operators will prevent anyone showing signs of illness from travelling.â€œAs of Monday at noon, people showing any signs whatsoever of COVID-19 will be denied boarding at all domestic flights and intercity passenger trains,â€ Trudeau told reporters.A press release detailing the new measures also said the restrictions would require all air operators and intercity rail companies to do a â€œhealth check,â€ and screen their passengers before they come on board.During her daily update on Sunday, Canadaâ€™s chief medical officer, Dr. Theresa Tam, warned Canadians that â€œeven if you are not hearing of cases in your community, that doesnâ€™t mean there are no cases or that there are no exposures waiting to happen.â€As of Sunday afternoon, there were 6,232 confirmed cases of COVID-19 in Canada. Tam said a total of 63 people have died from the virus.She said over 205,000 Canadians had been tested for COVID-19. Of those tested, adding that three per cent tested positive while over 90 per cent tested negative for the virus.Tam said between six and seven per cent of cases need hospitalization and three per cent were critically ill. One per cent of cases so far have been fatal.READ MORE: 65% of reported COVID-19 cases in Canada related to community transmission, latest data saysCorrecting figures she provided on Saturday, she clarified 12 per cent of the patients hospitalized are under the age of 40.New data released by PHAC said 65 per cent of reported cases in Canada were linked to community transmission, while 35 per cent were either â€œexposed while travelling or exposed to a traveller returning to Canada.â€As of Saturday, demographics, symptoms and outcomes were only available for 2,811 cases reported in Canada, providing a limited snapshot of who has caught the virus and how.Sophie GrÃ©goire Trudeau, who was diagnosed with COVID-19 on March 12, also provided an update on Saturday, saying she was feeling â€œso much betterâ€ and had received the â€œall clearâ€ from her physician and Ottawa Public Health.During his daily update Prime Minister Trudeau said Sophie was â€œfeeling great,â€ and confirmed that their children were also doing well.â€œWeâ€™re all doing well,â€ he said, adding that he would continue to work from home.â€“With files from Global Newsâ€™ Maryam Shah and David LaoGet a roundup of the most important and intriguing stories, delivered to your inboxGet a roundup of the most important and intriguing stories," delivered to your inbox"""
"				Pharmacists fear for their safety due to mask and glove shortages amid coronavirus pandemic			", for example, may not have the space, nor the same access to resources to fight against the virus as residents living in more populous provinces.â€œIf you live in the north, chances are youâ€™re worried about whether your local health centre has the resources to fight COVID-19 and to cope with cases that might come up,â€ he said.â€œThese are tough times, but weâ€™re going to help you through them to set your community up to come back strong when things get better.â€Trudeau also said that as of midnight, anyone entering Canada will be asked if they have a â€œcredible quarantine plan.â€ If they donâ€™t, theyâ€™ll be forced to stay in a hotel.,,,,,,,,,,,,,,,,,,,,,,,,,,,,,,,,,,
The virus has now officially infected more than 11,,,,,,,,,,,,,,,,,,,,,,,,,,,,,,,,,,,,,,,,,,
"				Hereâ€™s whoâ€™s eligible and how to apply for Canadaâ€™s coronavirus wage subsidy			",,,,,,,,,,,,,,,,,,,,,,,,,,,,,,,,,,,,,,,,,,
Police in several jurisdictions have already arrested or fined alleged quarantine scofflaws or people disobeying limits on gatherings. Leaders warned Thursday of more to come if people didnâ€™t smarten up.Forcing people to stay inside was still an option,"â€™ may be forced to stay in hotel: Trudeau			",,,,,,,,,,,,,,,,,,,,,,,,,,,,,,,,,,,,,,,,,
"				Coronavirus: Premier Doug Ford says Ontario will release COVID-19 projection numbers on Friday			",,,,,,,,,,,,,,,,,,,,,,,,,,,,,,,,,,,,,,,,,,
"				Coronavirus: Toronto mayor signs bylaw to enforce physical distancing at city parks", any returning Canadians who canâ€™t explain their plan, or whose plan is deemed inadequate, will be forced to quarantine at a designated location, such as a hotel.[ Sign up for our Health IQ newsletter for the latest coronavirus updates ]â€œWe now have the authority to require them to self-isolate for two weeks at a quarantine location like a hotel,â€ he said.During the news conference, the prime minister lauded the governmentâ€™s procurement of an additional 1.1 million N95 masks, as well as rapid, portable COVID-19 tests developed by a Canadian company that recently scored approval from Health Canada.The government said last month that it was working with Ottawa-based Spartan Bioscience to procure a supply of the test kits, which can reportedly provide results in less than an hour.The rapid test uses a coffee-cup-sized portable DNA analyzer â€” the Spartan Cube â€” as well as test cartridges and swabs. Spartan Bioscience said this allows the test to be administered by â€œnon-laboratory personnelâ€ in places like airports or pharmacies, or remote regions of the country.In a statement on Sunday, the company said the Health Canada approval meant the test kits can now start heading out the door to â€œfederal and provincial government partners starting immediately.â€Despite the United Statesâ€™ goal to reopen the countryâ€™s economy in May, Trudeau gave no exact date or plan to reopen the Canadian economy.â€œWe recognize that it is going to be important to get our economy going and that we will have to do it in phases,â€ he said. â€œThe reality is it is going to be weeks still.â€,,,,,,,,,,,,,,,,,,,,,,,,,,,,,
The billions the government planned to inject into the economy to mitigate the devastation was the subject of reports from Parliamentâ€™s spending watchdog Thursday. Just three federal measures â€” aimed at helping low-income earners,,,,,,,,,,,,,,,,,,,,,,,,,,,,,,,,,,,,,,,,,,
"8	""Want to discuss? Please read our Commenting Policy first.Anyone showing symptoms of the novel coronavirus will be banned from boarding domestic flights and intercity passenger trains",,,,,,,,,,,,,,,,,,,,,,,,,,,,,,,,,,,,,,,,,,
"				Via Rail employee tests positive for COVID-19			",â€™ warn 100 politicians," experts			",,,,,,,,,,,,,,,,,,,,,,,,,,,,,,,,,,,,,,,,
The screening would include health questions and looking for visible symptoms of illness. Travellers who are denied from boarding their plane or train will also be denied for at least 14 days,,,,,,,,,,,,,,,,,,,,,,,,,,,,,,,,,,,,,,,,,,
"				Coronavirus: Screening officer at Toronto Pearson Airport tests positive			", the prime minister urged provinces to enforce the new guidelines released by the federal government but said: â€œWe know we need to do more.â€â€œWe recognize the terrible and tragic stories that have come out of seniors residences and long term care facilities across this country, and our hearts go out to families who have lost loved ones in some terrible ways,â€ said Trudeau.The prime minister came under fire for his cottage trip to Harrington Lake, Que., over the weekend, despite pleas from provincial governments to avoid them.When asked why an exception was made for him, he said heâ€™d announced last week he was going to visit his family, who were already staying there.â€œMy family has been living there for three weeks. This is where my wife and my children live,â€ he said.â€” With a file from Maryam ShahGet a roundup of the most important and intriguing stories, delivered to your inboxGet a roundup of the most important and intriguing stories," delivered to your inbox""",,,,,,,,,,,,,,,,,,,,,,,,,,,,,,,
Via Rail is also operating one round trip per week on the following routes:[ Sign up for our Health IQ newsletter for the latest coronavirus updates ]The Montreal-Halifax route, he mightâ€™ve been able to hide his look of instant regret after he said masks prevent people from speaking â€œmoistlyâ€ on others.Trudeau was touting the benefits of Canadians wearing masks during the COVID-19 crisis when he appeared to ad-lib some of those benefits in a not-so-slick way that triggered strong reactions on social media.,,,,,,,,,,,,,,,,,,,,,,,,,,,,,,,,,,,,,,,,,
"				Canada â€˜very concernedâ€™ with OPECâ€™s decisions amid coronavirus outbreak: Trudeau			",,,,,,,,,,,,,,,,,,,,,,,,,,,,,,,,,,,,,,,,,,
â€œI am reminding Canadians not to underestimate the severity of this disease. The devastating impacts of COVID-19 is evident in Europe and parts of the United States.â€Tam also reminded Canadians to maintain their â€œbubbleâ€ of protection against the virus.â€œEach of us should ideally have our own separate bubble that is a two-metre circumference around us,,,,,,,,,,,,,,,,,,,,,,,,,,,,,,,,,,,,,,,,,,
"				China donates medical supplies to Canada amid coronavirus pandemic"," selfish coronavirus reactions			",,,,,,,,,,,,,,,,,,,,,,,,,,,,,,,,,,,,,,,,,
Trudeau also announced on Friday that federal wage subsidies for small and medium-sized businesses affected by the virus outbreak would jump to 75 per cent.The prime minister had previously announced a 10 per cent wage subsidy,,,,,,,,,,,,,,,,,,,,,,,,,,,,,,,,,,,,,,,,,,
"				Trudeau promises 75% wage subsidy for businesses hit by coronavirus pandemic			",â€ Trudeau said, then instantly regretted.â€œWhat a terrible image,â€ he immediately muttered after the misstep, shaking his head before plunging forward. â€œBut it actually is something that people can do in certain situations.â€Trudeau was clearly kicking himself after the cringe-inducing comment, but that didnâ€™t earn him a pass on social media, where critics piled on to laugh at the bizarre comment.â€œHow many people are uncomfortable with â€˜moistlyâ€™?â€ one user asked.â€œThis is why Trudeau ALWAYS reads from a script written for him,â€ another user wrote. â€œWhen he has to think on his own two feet, this is what comes out.â€Another user edited the video to present it as one of Canadaâ€™s Heritage Minutes.I've been waiting for Justin Trudeau to speak moistly since he was elected.â€” smerobin (@smerobin) April 7, 2020It's very important we listen to our government officials when practicing proper social distancing protocols. For example," when Justin Trudeau says that it's okay for people to wear non-medical masks because it protects you from """"breathing or speaking moistly""""", you should listen. pic.twitter.com/K73hrRccu0â€” Alissa Golob (@alissagolob) April 7, 2020Several were quick to add â€œmoistlyâ€ to the list of Trudeauâ€™s most memorable verbal blunders, joining such comments as â€œpeoplekindâ€ and â€œpaper drink box water bottle.â€[ Sign up for our Health IQ newsletter for the latest coronavirus updates ]However, others saw the PMâ€™s comment as a real â€” albeit awkwardly phrased â€” annoyance that should be addressed.â€œI donâ€™t like people breathing or â€˜speaking moistlyâ€™ on me,â€ one supporter said. â€œI relate to this speech 100 per cent and I despise anybody who thinks itâ€™s okay to be speaking moistly on others.â€,,,,,,,,,,,,,,,,,,,,,,,,,,,
According to a statement from the cruise ship operator,,,,,,,,,,,,,,,,,,,,,,,,,,,,,,,,,,,,,,,,,,
"9	""Want to discuss? Please read our Commenting Policy first.Prime Minister Justin Trudeau said he will be looking at ways to better support long-term care employees taking care of seniors during the coronavirus pandemic",,,,,,,,,,,,,,,,,,,,,,,,,,,,,,,,,,,,,,,,,,
"				Nearly half of Canadaâ€™s COVID-19 deaths linked to long-term care facilities: Tam			",,,,,,,,,,,,,,,,,,,,,,,,,,,,,,,,,,,,,,,,,,
"				Coronavirus: Ontario Nursesâ€™ Association calls work conditions in care homes â€˜unfathomableâ€™			",,,,,,,,,,,,,,,,,,,,,,,,,,,,,,,,,,,,,,,,,,
â€œWe will be coming out with guidelines very soon,â€ said another person.â€œTrudeau has inadvertently created a horrible new phrase that I intend to immediately start using,â€ added another user.Justin Trudeau says not to be speaking moistly on anyone so yâ€™all better listenâ€” á„ƒÓ¨á„‚BY GĞ¯Î›DY (@gradycolby) April 7, 2020Trudeau just said in his national press conference that a mask â€œwill protect other people more than you, as it will prevent you from speaking moistly on othersâ€. Please everyone out there try and avoid #speakingmoistly on others! ğŸ¤£â€” Tbear #FinsUp (@Bigbeav72) April 7, 2020Several people took the comment in a completely different direction, riffing off of a memorable quote from the film Aliens," in which a child says that the monsters â€œmostly come out at night. Mostly.â€""""They Moistly come out at night.. Moistly.. ğŸ¤£ğŸ¤£ğŸ¤£ pic.twitter.com/rylKYIDCr3â€” Rick McConnell (@RickMcConnell15) April 8", 2020Others suggested that Trudeau had come up with a new way of complaining about an old issue during the coronavirus pandemic.â€œThe perfect alternative to â€˜say it, donâ€™t spray it,'â€ user Melanie Putz tweeted.Counter-terrorism expert Mubin Shaikh offered a more succinct way of summing up Trudeauâ€™s message via Twitter.â€œWe encourage all Canadians to .. say it, donâ€™t spray it,â€ he wrote.Questions about COVID-19? Here are some things you need to know:Health officials caution against all international travel. Returning travellers are legally obligated to self-isolate for 14 days, beginning March 26, in case they develop symptoms and to prevent spreading the virus to others. Some provinces and territories have also implemented additional recommendations or enforcement measures to ensure those returning to the area self-isolate.Symptoms can include fever, cough and difficulty breathing â€” very similar to a cold or flu. Some people can develop a more severe illness. People most at risk of this include older adults and people with severe chronic medical conditions like heart, lung or kidney disease. If you develop symptoms, contact public health authorities.To prevent the virus from spreading, experts recommend frequent handwashing and coughing into your sleeve. They also recommend minimizing contact with others, staying home as much as possible and maintaining a distance of two metres from other people if you go out.Get a roundup of the most important and intriguing stories, delivered to your inboxGet a roundup of the most important and intriguing stories," delivered to your inbox""",,,,,,,,,,,,,,,,,,,,,
The fatality rate among residents in Canadian long-term care homes was 17 per cent, as the COVID-19 pandemic ravages the economy and puts thousands of Canadians out of work.The raise goes into effect today, as does the latest increase in the federal carbon tax.,,,,,,,,,,,,,,,,,,,,,,,,,,,,,,,,,,,,,,,,
"10	Want to discuss? Please read our Commenting Policy first.Prime Minister Justin Trudeau said that reopening the economy or easing restrictions at the U.S.-Canada border isnâ€™t happening anytime soon and is still â€œmany weeksâ€ away.Trudeau has urged Canadians to be patient and said for any reopening to occur",,,,,,,,,,,,,,,,,,,,,,,,,,,,,,,,,,,,,,,,,,
"11	""Want to discuss? Please read our Commenting Policy first.Prime Minister Justin Trudeau on Wednesday announced additional economic measures to help Canadians affected by the novel coronavirus pandemic.Trudeau said the government will spend up to $82 billion",,,,,,,,,,,,,,,,,,,,,,,,,,,,,,,,,,,,,,,,,,
â€œThese are extraordinary times. Our government is taking extraordinary measures,,,,,,,,,,,,,,,,,,,,,,,,,,,,,,,,,,,,,,,,,,
The wage subsidy would cost $3.8 billion,,,,,,,,,,,,,,,,,,,,,,,,,,,,,,,,,,,,,,,,,,
"				From custodians to abortion providers", he has ruled out scrapping the planned increase in the carbon tax and thereâ€™s nothing he can do about the salary hike without recalling Parliament, which has been adjourned until at least April 20 as part of the nation-wide bid to curb the spread of the deadly virus.Under legislation passed in 2005 to de-politicize parliamentariansâ€™ pay, salaries paid to MPs and senators increase automatically on April 1 each year, based on the average increase negotiated by major bargaining units in the private sector.This year, MPs are entitled to a 2.1 per cent hike, which will increase their base salaries by just over $3,750 to $182,656.By law, senators are paid $25,000 less than MPs. Hence, theyâ€™ll each pull in a base salary of $157,656 this year, a 2.4 per cent hike.The prime minister, leader of the Opposition, the Speakers in both chambers and others with additional duties receive extra, legislated amounts beyond their base salaries.In the aftermath of the 2008 economic meltdown, the previous Conservative government froze parliamentariansâ€™ salaries for three years.Asked Monday about a similar salary freeze now, Trudeau said: â€œI havenâ€™t heard the Parliament of Canada having those discussions, but Iâ€™m sure they will reflect on it now that youâ€™ve asked the question.â€,,,,,,,,,,,,,,,,,,,,,,,
"				Coronavirus â€” Canadaâ€™s big banks to allow mortgage payment deferrals			",,,,,,,,,,,,,,,,,,,,,,,,,,,,,,,,,,,,,,,,,,
The government will do this by raising CMHCâ€™s legislative limits to â€œguarantee securities and insure mortgages by $150 billion each,,,,,,,,,,,,,,,,,,,,,,,,,,,,,,,,,,,,,,,,,,
"12	""Want to discuss? Please read our Commenting Policy first.Prime Minister Justin Trudeau says there is no tolerance for those flouting orders to socially distance from others in an effort to limit the spread of the novel coronavirus.â€œYou all think youâ€™re invincible. Youâ€™re not. Enough is enough"," testing			",,,,,,,,,,,,,,,,,,,,,,,,,,,,,,,,,,,,,,,,,
"				Trudeau says House of Commons to reconvene Tuesday to pass COVID-19 legislation			",,,,,,,,,,,,,,,,,,,,,,,,,,,,,,,,,,,,,,,,,,
There were reports from across the country over the weekend of people flouting those orders by congregating in parks, which has been adjourned since mid-March except for a brief day-long sitting last week to pass a bill freeing up billions in emergency aid to help Canadians weather the COVID-19 crisis.[ Sign up for our Health IQ newsletter for the latest coronavirus updates ]It will likely stay adjourned long beyond the originally scheduled return date of April 20, although another emergency sitting could eventually be required, at which point MPs could also consider a pay freeze.In the meantime, the salary hike is in effect. So, MPs from all parties are vowing to turn over their pay boost to charities and non-profit organizations working to cushion the impact of the national health emergency.A spokeswoman for the prime minister said Trudeau will give his pay boost to non-profit organizations in his Montreal riding.Similarly, a spokeswoman for Scheer said the Regina-based Opposition leader intends to give his pay increase to â€œa local charity who is working hard to support Canadians affected by COVID-19.â€Denise Siele added that itâ€™s up to the government to introduce legislation to freeze parliamentary salaries â€œshould they so choose.â€NDP Leader Jagmeet Singh â€œmakes donations to organizations and local causes throughout the year and, with the salary raise for MPs, he will increase his donations,â€ said his spokeswoman, Melanie Richer, adding that the same applies to New Democrat MPs.Various Conservative MPs have issued statements over the past week promising to donate their imminent pay boosts to charities.READ MORE: Coronavirus â€” Parliament may be recalled again to approve emergency wage subsidyGiven the current crisis, Alberta MP Blaine Calkins called the pay hike â€œnot only untimely but, frankly, itâ€™s in poor taste.â€Conservatives have also been demanding that Trudeau cancel the planned increase in the federal carbon tax which kicks in today, raising the carbon price on fuel purchases to $30 per tonne from $20. That will mean drivers will pay roughly an extra two cents a litre at the gas pump.The tax applies in Alberta, Saskatchewan, Manitoba, Ontario, Nunavut and Yukon, none of which have imposed their own price on carbon that meets the federal standard.In a statement Tuesday, Edmonton Conservative MP Tim Uppal called on the Trudeau Liberals to scrap all planned tax increases during the pandemic, including the carbon tax.â€œToo many Canadians are already worried about how they will pay their rent this month or put food on their tables. The last thing they need is a 50 per cent increase to the Liberal carbon tax, which will only increase the cost of gas, groceries and home heating,â€ Uppal said.,,,,,,,,,,,,,,,,,
"				COVIDIOTS â€” New name for shaming ignorant",,,,,,,,,,,,,,,,,,,,,,,,,,,,,,,,,,,,,,,,,,
â€œThere is more that can be done,,,,,,,,,,,,,,,,,,,,,,,,,,,,,,,,,,,,,,,,,,
"				Canada to spend $192M on developing COVID-19 vaccine			",,,,,,,,,,,,,,,,,,,,,,,,,,,,,,,,,,,,,,,,,,
â€œWe will look at different measures that could be necessary to enforce these measures. Weâ€™d rather not â€¦ I can tell you that we havenâ€™t taken anything off the table from the Emergencies Act,,,,,,,,,,,,,,,,,,,,,,,,,,,,,,,,,,,,,,,,,,
"				Coronavirus â€” Canada working with commercial airlines to repatriate stranded citizens			", Trudeau noted that the federal government is also paying rebates that are intended to give Canadians more money than they pay in the carbon tax.â€œThe price on pollution has been designed as to put more money in household pockets, more money in the pockets of the middle class while we do the things that are necessary to fight pollution and protect our planet,â€ he said Monday.Trudeau added that the need to combat climate change â€œremains even at a time of immediate crisis and pandemic.â€Michael Berstein, executive director of Clean Prosperity, suggested in a statement that the federal government should refine the rebate program during the crisis.Among other things, he said families should receive the initially forecasted rebate amounts even if revenues from the tax decline. As well, he suggested that the rebates be sent as immediate direct payments to households, rather than as tax credits.Get a roundup of the most important and intriguing stories, delivered to your inboxGet a roundup of the most important and intriguing stories," delivered to your inbox""",,,,,,,,,,,,,,,,,,,,,,,,,,,,,,,,
Canadaâ€™s Foreign Affairs Minister FranÃ§ois-Philippe Champagne said officials have been in touch with â€œhundreds of thousandsâ€ of Canadians abroad and are â€œworking around the clockâ€ to provide help.According to the Public Health Agency of Canada (PHAC), potentially spreading the coronavirus and putting health-care workers at unnecessary risk. At the same time, Trudeau said he was leaning on restrictions provinces have put in place rather than issuing a mandatory national stay-home order.â€œWeâ€™re not quite yet at that point,â€ Trudeau said.,,,,,,,,,,,,,,,,,,,,,,,,,,,,,,,,,,,,,,,
"13	Want to discuss? Please read our Commenting Policy first.Prime Minister Justin Trudeau evaded questions about whether China had concealed the extent of the COVID-19 epidemic after the country revised the death toll by 50 percent in Wuhan",,,,,,,,,,,,,,,,,,,,,,,,,,,,,,,,,,,,,,,,,,
"14	""Want to discuss? Please read our Commenting Policy first.Update as of Tuesday evening 9:45 p.m. ET: The House of Commons remains suspended as negotiations continue over the legislation.Prime Minister Justin Trudeau says proposed sweeping new powers to let the government spend money without parliamentary approval are needed because the coronavirus pandemic presents an â€œexceptional situation.â€Speaking with reporters in his daily briefing outside Rideau Cottage",,,,,,,,,,,,,,,,,,,,,,,,,,,,,,,,,,,,,,,,,,
"				Liberals say changes coming to emergency coronavirus funding bill after criticism			",,,,,,,,,,,,,,,,,,,,,,,,,,,,,,,,,,,,,,,,,,
Conservative Leader Andrew Scheer has said the Conservatives plan to support the $82-billion aid package proposed by the Liberal government to deal with the pandemic and the ensuing economic damage.[ Sign up for our Health IQ newsletter for the latest coronavirus updates ]But he suggests Tories are not prepared to give the federal cabinet extraordinary power over taxes and spending,,,,,,,,,,,,,,,,,,,,,,,,,,,,,,,,,,,,,,,,,,
,000 Canadians and cost 130 their lives.Ontario on Thursday reported 16 more deaths bringing its total to 53, while a hard-hit nursing home in Bobcaygeon _ possibly the site of the worst outbreak in the province â€” reported two new fatalities. Sixteen residents have died and at least 24 staff members at Pinecrest Nursing Home have been infected.Quebec saw its caseload rise about 20 per cent since Wednesday, with three more deaths. COVID-19 has killed at least 36 people in the province and another 25 in British Columbia. Dr. Theresa Tam, Canadaâ€™s chief public health officer, said almost half the deaths have occurred among especially vulnerable residents of long-term care homes.Manitoba said more than 40 health-care workers at a Winnipeg hospital had been sent home after two staff members tested positive.[ Sign up for our Health IQ newsletter for the latest coronavirus updates ]Experts say keeping a physical distance from others, along with frequent hand washing, is the most effective way of curbing the pandemic.Governments everywhere have shut non-essential businesses and public facilities such as parks, beaches and playgrounds. All have repeatedly urged people to stay home except for essential outings.,,,,,,,,,,,,,,,,,,,,,,,,,,,,,,,,,,
,,,,,,,,,,,,,,,,,,,,,,,,,,,,,,,,,,,,,,,,,,
,,,,,,,,,,,,,,,,,,,,,,,,,,,,,,,,,,,,,,,,,,
,,,,,,,,,,,,,,,,,,,,,,,,,,,,,,,,,,,,,,,,,,
,,,,,,,,,,,,,,,,,,,,,,,,,,,,,,,,,,,,,,,,,,
, albeit a drastic one, Ontario Premier Doug Ford said.â€œThatâ€™s the last thing someone wants to do, is the police marching around telling people to stay in their homes,â€ Ford said. â€œI just donâ€™t believe in that. Weâ€™re responsible. Do the right thing.â€Quebec Premier Francois Legault urged police to clamp down on those flouting COVID-19 rules. He warned of fines of up to $6,000.In Toronto, Mayor John Tory was blunt as he announced a new bylaw imposing a two-metre spacing rule for people in parks and squares for next 30 days, with fines of up to $5,000. People from the same household are exempt.â€œLives are potentially at stake, and we will turn up the heat in the hopes that the few who still donâ€™t get it, or pretend not to get it, will get with the program,â€ Tory said.,,,,,,,,,,,,,,,,,,,,,,,,,,,,,,
,,,,,,,,,,,,,,,,,,,,,,,,,,,,,,,,,,,,,,,,,,
,,,,,,,,,,,,,,,,,,,,,,,,,,,,,,,,,,,,,,,,,,
,,,,,,,,,,,,,,,,,,,,,,,,,,,,,,,,,,,,,,,,,,
,,,,,,,,,,,,,,,,,,,,,,,,,,,,,,,,,,,,,,,,,,
, which could last weeks or even months, have taken a hideous toll on employment â€” more than one million Canadians reported as having applied for jobless benefits. Liberal government measures designed to help the unemployed weather the crisis could cost more than $250 billion.A survey by Restaurants Canada, which speaks for the industry, indicated 800,000 jobs have been lost to the pandemic. Almost one in 10 restaurants have closed and nearly one in five expected to close if conditions didnâ€™t improve soon, the survey suggested.,,,,,,,,,,,,,,,,,,,,,,,,,,,,,,,,,,,,
,,,,,,,,,,,,,,,,,,,,,,,,,,,,,,,,,,,,,,,,,,
,,,,,,,,,,,,,,,,,,,,,,,,,,,,,,,,,,,,,,,,,,
," squares			",,,,,,,,,,,,,,,,,,,,,,,,,,,,,,,,,,,,,,,,,
,,,,,,,,,,,,,,,,,,,,,,,,,,,,,,,,,,,,,,,,,,
, families and seniors â€” will cost more than $8 billion, budget officer Yves Giroux said.However, an analysis from the left-leaning Canadian Centre for Policy Alternatives estimated 862,000 unemployed workers â€“about one-third of the total â€” arenâ€™t eligible for aid.â€œWeâ€™re looking at ways to help everyone in Canada that needs it,â€ Trudeau said. â€œWe know there are many vulnerable people.â€On Monday, the Canada Revenue Agency will begin delivering the federal aid, with as many as 300,000 Canadians expected to inquire a day about the $2,000-a-month benefit. The agency usually has up to 4,000 employees at call centres for tax season, but more than 1,000 others have volunteered to help, many working from home.â€“â€“ With files from Canadian Press reporters across the country.Get a roundup of the most important and intriguing stories, delivered to your inboxGet a roundup of the most important and intriguing stories," delivered to your inbox""",,,,,,,,,,,,,,,,,,,,,,,,,,,
, the prime minister announced at a press conference Saturday.Speaking from outside Rideau Cottage in Ottawa, Prime Minister Justin Trudeau said that the federal government has now formalized its updated rules for domestic travel across Canada.READ MORE: Live updates â€” Coronavirus in Canadaâ€œAs of Monday at noon, people showing any signs whatsoever of COVID-19 will be denied boarding at all domestic flights and intercity passenger trains.â€His announcement came during an update on Canadaâ€™s response to the novel coronavirus pandemic.Asked why buses and coaches that also travel across provincial lines were not subject to the same measures, Trudeau responded that the new restrictions would only apply to industries that are under federal jurisdiction.â€œSome industries are not under federal jurisdiction but we do recommend and in fact we are putting rules in place to make sure people do not take any trips anywhere if they have COVID-19 symptoms,â€ said Trudeau.A press release detailing the new measures also mentioned that the restrictions would require all air operators and intercity rail companies to do a â€œhealth check,â€ and screen their passengers before they come on board.,,,,,,,,,,,,,,,,,,,,,,,,,,,,,,,,,,,,
,,,,,,,,,,,,,,,,,,,,,,,,,,,,,,,,,,,,,,,,,,
,,,,,,,,,,,,,,,,,,,,,,,,,,,,,,,,,,,,,,,,,,
,,,,,,,,,,,,,,,,,,,,,,,,,,,,,,,,,,,,,,,,,,
,,,,,,,,,,,,,,,,,,,,,,,,,,,,,,,,,,,,,,,,,,
, or until they show a medical certificate proving that their symptoms arenâ€™t related to COVID-19.According to the press release, the measures for rail travel do not apply to commuter trains.Via Rail said it supports the new train travel restrictions and that it would â€œimmediately put the necessary processes in place.â€â€œThe new measures we are implementing will reinforce our efforts to protect the health and safety of our passengers and employees as we continue to provide the public service in the best possible conditions under those difficult circumstances,â€ Cynthia Garneau, president of VIA Rail Canada, said in a statement Saturday.Effective March 31, Via Rail is operating one train per day in each direction on the following routes:,,,,,,,,,,,,,,,,,,,,,,,,,,,,,,,,,,,,
,,,,,,,,,,,,,,,,,,,,,,,,,,,,,,,,,,,,,,,,,,
,,,,,,,,,,,,,,,,,,,,,,,,,,,,,,,,,,,,,,,,,,
,,,,,,,,,,,,,,,,,,,,,,,,,,,,,,,,,,,,,,,,,,
,,,,,,,,,,,,,,,,,,,,,,,,,,,,,,,,,,,,,,,,,,
, Toronto-Vancouver route, and the Prince Rupert-Prince George-Jasper route remain suspended until May 1.During an update from federal ministers on Canadaâ€™s response to the virus, Chief Public Health Officer Dr. Theresa Tam said that cases in the country have now topped 5,000.Tam also said that as of now, over 184,000 people in Canada have been tested for the disease.Seven per cent of cases need hospitalization, three per cent are critically ill and 1 per cent of cases so far have been fatal, according to Tam, who gave an update on its severity.â€œBecause although there will be day-to-day fluctuations, a sustained trend of increased severity could point to a higher rate of infection in vulnerable populations, or the health system is being overwhelmed,â€ said Tam.,,,,,,,,,,,,,,,,,,,,,,,,,,,,,,
,,,,,,,,,,,,,,,,,,,,,,,,,,,,,,,,,,,,,,,,,,
,,,,,,,,,,,,,,,,,,,,,,,,,,,,,,,,,,,,,,,,,,
,,,,,,,,,,,,,,,,,,,,,,,,,,,,,,,,,,,,,,,,,,
,,,,,,,,,,,,,,,,,,,,,,,,,,,,,,,,,,,,,,,,,,
,â€ said Tam. â€œBut the important thing is to stay in our bubble and not burst someone elseâ€™s.â€Trudeauâ€™s announcement follows the conclusion of his 14-day self-isolation, which started after his wife tested positive for COVID-19.â€œSophie is feeling great. My family is doing well, my kids and myself, weâ€™re all, weâ€™re all doing well,â€ said Trudeau, who said he would continue to work from home.â€œBut like I said, weâ€™ve asked people to stay home and work from home as much as possible, not go out if, if they should, donâ€™t have to and that certainly is something that weâ€™re doing and encouraging.â€,,,,,,,,,,,,,,,,,,,,,,,,,,,,,,,
,,,,,,,,,,,,,,,,,,,,,,,,,,,,,,,,,,,,,,,,,,
,,,,,,,,,,,,,,,,,,,,,,,,,,,,,,,,,,,,,,,,,,
," Embassy says			",,,,,,,,,,,,,,,,,,,,,,,,,,,,,,,,,,,,,,,,,
,,,,,,,,,,,,,,,,,,,,,,,,,,,,,,,,,,,,,,,,,,
, but conceded that it wasnâ€™t enough.â€œItâ€™s becoming clear that we need to do more â€” much more â€” so weâ€™re bringing that percentage up to 75 per cent for qualifying businesses,â€ Trudeau told reporters. â€œThis means people will continue to be paid even though their employers have to slow down or stop their businesses.â€Meanwhile on Friday, Canadaâ€™s deputy chief public health officer said Canadaâ€™s fight with COVID-19 is far from over, and that it could include a second wave.Dr. Howard Njoo said Canada is in it â€œfor the long haul.â€â€œItâ€™s definitely months. Many months,â€ Njoo estimated Friday as the number of novel coronavirus cases in Canada surged.Trudeau also provided an update to the federal governmentâ€™s efforts to repatriate 248 Canadians who were stranded on cruise ship off the coast of Panama.,,,,,,,,,,,,,,,,,,,,,,,,,,,,,,,,,,,,,
,,,,,,,,,,,,,,,,,,,,,,,,,,,,,,,,,,,,,,,,,,
,,,,,,,,,,,,,,,,,,,,,,,,,,,,,,,,,,,,,,,,,,
,,,,,,,,,,,,,,,,,,,,,,,,,,,,,,,,,,,,,,,,,,
,,,,,,,,,,,,,,,,,,,,,,,,,,,,,,,,,,,,,,,,,,
, Holland America, at least two passengers on board the MS Zaandam have tested positive for COVID-19 and another 53 guests and 85 crew have flu-like symptoms.Trudeau said that Global Affairs was â€œsingle-mindedlyâ€ focused on what he called the â€œHerculeanâ€ task to bring those Canadians home.â€œMuch of it involves negotiating with other countries to get permissions for cruise ships to dock, permissions for airplanes to lift off from their country when theyâ€™ve closed the airspaces,â€ he said.Global Affairs Canada (GAC) also offered an update on Friday, saying four flights repatriating citizens from Ecuador, Peru, Guatemala and El Salvador were set to arrive in Canada.ğŸ“¢ Canadians from Cusco leaving Peru today, thank you for your patience and trust. Thank you for supporting one another and helping us help you. We continue to work for Canadians who remain in Peru. We are with you. #TeamCanada pic.twitter.com/51jW0RnSw9â€” Canada in Peru (@CanadaPeru) March 27, 2020Additional flights repatriating Canadians from Spain and Poland were also set to arrive on Friday.â€œWe are working to help as many Canadians as possible return home, but some may remain outside of the country for an indeterminate amount of time,â€ the release reads.According to GAC, as of Friday, more than 411,400 Canadians had registered abroad.But, because registration is voluntary, GAC said it is â€œnot a complete picture of Canadians outside the country.â€GAC said as of Friday, 232 emergency loan applications had been approved, with an additional 800 applications being processed.â€“With files from Global Newsâ€™ Amanda Connolly, Maryam Shah, and The Canadian PressGet a roundup of the most important and intriguing stories, delivered to your inboxGet a roundup of the most important and intriguing stories," delivered to your inbox""",,,,,,,,,,,,,,,,,,,,
, while announcing more money for essential workers who are making less than $2,500 per month.He said he will be speaking with Canadian premiers on Wednesday about putting the wage boost in place as soon as possible.â€œThe uncomfortable and tragic truth is that the very places that care for our elderly are the most vulnerable to COVID-19,â€ Trudeau said.,,,,,,,,,,,,,,,,,,,,,,,,,,,,,,,,,,,,,,,
,,,,,,,,,,,,,,,,,,,,,,,,,,,,,,,,,,,,,,,,,,
,,,,,,,,,,,,,,,,,,,,,,,,,,,,,,,,,,,,,,,,,,
,,,,,,,,,,,,,,,,,,,,,,,,,,,,,,,,,,,,,,,,,,
,,,,,,,,,,,,,,,,,,,,,,,,,,,,,,,,,,,,,,,,,,
, seniors are worried about falling ill and not being able to see their kids and grandkids again. These are the things that we need to focus on as a country.â€Trudeau added he was working with the provincial government to determine how best to send resources to long-term care facilities.â€œWe must all do better,â€ he said.During the daily ministerial update on COVID-19, Employment Minister Carla Qualtrough echoed Trudeauâ€™s statements, addressing frontline staff directly.â€œWe know the sacrifices youâ€™re making to keep us and our loved ones safe.â€[ Sign up for our Health IQ newsletter for the latest coronavirus updates ]Health minister Patty Hajdu, who was also at the press conference, said she was meeting with her Quebec and Ontario counterparts to discuss topping up wages for long-term care workers to keep them from having to work in multiple residences.Deputy Prime Minister Chrystia Freeland noted British Columbia has already begun banning long-term care workers from working in more than one facility to prevent the spread of the virus from home to home.,,,,,,,,,,,,,,,,,,,,,,,,,,,,,,,,,,,,
,,,,,,,,,,,,,,,,,,,,,,,,,,,,,,,,,,,,,,,,,,
,,,,,,,,,,,,,,,,,,,,,,,,,,,,,,,,,,,,,,,,,,
,,,,,,,,,,,,,,,,,,,,,,,,,,,,,,,,,,,,,,,,,,
,,,,,,,,,,,,,,,,,,,,,,,,,,,,,,,,,,,,,,,,,,
,â€ said Freeland.The Ontario government also unveiled the provinceâ€™s â€œCOVID-19 action plan for long-term care homesâ€ on Wednesday.Merrilee Fullerton, the provinceâ€™s minister of long-term care said over the next 48 hours the province will be launching more â€œaggressive testing, screening and surveillanceâ€ that includes screening all symptomatic staff and residents of long-term care homes, as well as asymptomatic contacts of confirmed COVID-19 cases.â€œWe will be enhancing testing in all homes with a targeted plan for homes in outbreak and testing of asymptomatic residents and staff in select homes across the province,â€ Fullerton said.On Monday, chief public health officer Theresa Tam said nearly half of all novel coronavirus-related deaths were linked to long-term care homes, with the ratios fluctuating between provinces.In a study published by Ottawa-based BruyÃ¨re Research Institute, they estimated that although less than 2 per cent of long-term care home residents in Canada were diagnosed with COVID-19, they represented around 43 per cent of all novel coronavirus deaths.The total did not include numbers from Quebec, where the total number of care home deaths has yet to be reported.,,,,,,,,,,,,,,,,,,,,,,,,,,,,,,,,
,,,,,,,,,,,,,,,,,,,,,,,,,,,,,,,,,,,,,,,,,,
,,,,,,,,,,,,,,,,,,,,,,,,,,,,,,,,,,,,,,,,,,
, use of protective equipment," as outbreaks of coronavirus continue in long-term care facilities			",,,,,,,,,,,,,,,,,,,,,,,,,,,,,,,,,,,,,,,,
,,,,,,,,,,,,,,,,,,,,,,,,,,,,,,,,,,,,,,,,,,
, ranging from between 15 per cent to 19 per cent in Ontario, British Columbia and Alberta.Amy Hsu, who co-authored the report, said in a previous statement to Global News that seniors are generally more susceptible to severe outcomes from respiratory failure.â€œBecause they already have high rates of diabetes, heart and lung disease â€” particularly those in long-term care â€” theyâ€™re not able to withstand COVID-19 infection as well as healthier counterparts who live in the community,â€ she said.Physical distancing is also harder to implement in long-term care homes, as most senior citizens are dependent on others for daily activities, such as â€œmeals, toileting and bathing,â€ she said.According to the study, policy measures that can ensure adequate staffing and limit healthcare workers from moving between multiple sites will be key in preventing COVID-19 from continuing to spread in long-term care homes.In order to compensate long-term care workers who may incur a loss of income as a result, the study estimated it will cost $10 million per month.Get a roundup of the most important and intriguing stories, delivered to your inboxGet a roundup of the most important and intriguing stories," delivered to your inbox""",,,,,,,,,,,,,,,,,,,,,,,,,,,,
, there has to be rapid COVID-19 testing on a wide-scale basis and extensive contact tracing in place to prevent against a potential second wave of outbreaks.â€œI donâ€™t think we can talk about reopening things until we are confident that we have exactly the plan on responding to future resurgences of the virus,â€ Trudeau said Thursday during his daily briefing.READ MORE: Canada-U.S. coronavirus border restrictions could soon be â€˜released,â€™ Trump suggestsTrudeau said there was still a â€œsignificant amount of timeâ€ before the two countries could loosen restrictions on non-essential across the border. An agreement between Canada and the U.S. to limit border crossings is due to expire in the coming days.â€œThe work that we continue to do to keep our citizens safe while coordinating very carefully is unlike our approaches with other countries around the world,â€ he said. â€œWe will continue coordinating our efforts, collaborating, but the reality is we are still weeks away from being able to talk about softening these measures at the border or others.â€Trudeau also announced Thursday support for small and medium-sized businesses that pay commercial rent with a new program, called Canada Emergency Commercial Rent Assistance. He said details of the program are still being worked out as Ottawa will have collaborate with the provinces.The prime minister also reiterated his previous message that a complete return to normal wonâ€™t be possible until a vaccine is ready, which some experts have said is still 12-18 months away.â€œIt would be absolutely disastrous for us to open up too early or too quickly, and have another wave hit us that could be just as bad as this one, and find ourselves in the situation of having to go back into quarantine the way we are right now and have everything weâ€™ve done these past weeks be for nothing,â€ Trudeau said.[ Sign up for our Health IQ newsletter for the latest coronavirus updates ]Ontario Premier Doug Ford shot back at Trumpâ€™s suggestionÂ thatÂ he is looking at loosening restrictions at the border.â€œTrudeau should say no right away,â€ Ford said Thursday. â€œUntil we have this under containment, we need to have our borders closed.â€READ MORE: A look at when and how Canada could reopen after COVID-19 closuresMeanwhile, Donald Trump has said heâ€™s eager to start returning to normal life, even as his country grapples with an outbreak of the novel coronavirus thatâ€™s killed more than 28,000 people.Trump told reporters Wednesday that Canada is â€œdoing wellâ€ in its efforts to control the spread of the virus.â€œOur relationship with Canada is very good â€” weâ€™ll talk about that. It will be one of the early borders to be released,â€ Trump said. â€œCanadaâ€™s doing well, weâ€™re doing well â€” so weâ€™ll see.â€The two countries negotiated a mutual ban on non-essential travel in both directions in mid-March, an agreement that explicitly exempted the flow of trade and commerce, as well as frontline health care workers.The agreement is currently scheduled to expire early next week.Trump is expected to announce Thursday new guidelines for allowing some States to relax social distancing rules and reopen some non-essential businesses.His administration has even floated a potential target of May 1 to begin re-opening parts of the economy, but some health experts have pushed back saying that could be too soon.READ MORE:Â A 2nd wave of COVID-19 is possible. Hereâ€™s what that means for CanadaBoth Canada and the U.S. have seen unemployment levels from the fallout of COVID-19 comparable to the Great Depression.Roughly six million people have now applied for government help since mid-March as non-essential businesses were shuttered and workers told to stay at home to ease the spread of the virus. In the U.S. more than 22 million have lost their jobs in just four weeks.Canada passed a grim milestone of 1,000 deaths on Wednesday, but the countryâ€™s chief public health officer Dr. Theresa Tam said there is evidence the epidemicâ€™s rate of spread is slowing.Tam said the number of cases in the country is now doubling every 10 days or so, compared to every three days near the end of March.However, she warned that it still too early to begin easing social distancing measure and said that emerging from COVID-19 would â€œbe like making our way down the mountain in the darkness.â€â€œWe mustnâ€™t rush or let go of our safety measures, or the fall will be hard and unforgiving,â€ she said in her daily briefing in Ottawa. â€œAny break in our resolve could spark a new outbreak and delay our progress â€¦ letâ€™s maintain our collective resolve and crush this curve.*With files from the Associated PressGet a roundup of the most important and intriguing stories, delivered to your inboxGet a roundup of the most important and intriguing stories, delivered to your inbox,,,,,,,,,,,,,
, including $27 billion in direct support for Canadian workers and businesses.,,,,,,,,,,,,,,,,,,,,,,,,,,,,,,,,,,,,,,,,,
,,,,,,,,,,,,,,,,,,,,,,,,,,,,,,,,,,,,,,,,,,
,,,,,,,,,,,,,,,,,,,,,,,,,,,,,,,,,,,,,,,,,,
,,,,,,,,,,,,,,,,,,,,,,,,,,,,,,,,,,,,,,,,,,
,,,,,,,,,,,,,,,,,,,,,,,,,,,,,,,,,,,,,,,,,,
,â€ Trudeau said. â€œThe measures weâ€™re announcing today will provide up to $27 billion in direct support to Canadian workers and businesses, plus $55 billion to meet liquidity needs of Canadian businesses and households through tax deferrals to help stabilize the economy.â€Trudeau said combined, the $82 billion in support represents more than three per cent of Canadaâ€™s GDP.He said the economic measures will ensure that Canadaâ€™s economy rebounds after the pandemic.â€œWhile we are taking a significant step today to help families get through these challenging times, our government is prepared to do more,â€ he said.Hereâ€™s what the government has announced.For Canadians without paid sick leave or access to employment insurance sickness benefits, the government is introducing a new Emergency Care Benefit that will provide up to $900 bi-weekly for up to 15 weeks. The benefit, which the government estimates could cost up to $10 billion, is for workers who must self-isolate, those who are caring for a family member sick with COVID-19 and parents who are unable to earn income while schools are closed as a result of child-care duties.Applications for the benefit will be available in April, the government said.[ Sign up for our Health IQ newsletter for the latest coronavirus updates ]Ottawa will also be extending income supports to workers who lose their jobs or see their hours reduced as a result of the pandemic.The Canada Revenue Agency will provide up to $5 billion for unemployed workers without access to EI through the new Emergency Support Benefit.Economists had been calling on the government to introduce paid leave for those who typically are ineligible for EI benefits, such as freelancers, contractors, shift workers and those who labour in the gig economy.But while the Emergency Support Benefit is a step in the right direction, the governmentâ€™s announcement was scant on details, said Tammy Schirle, an economics professor at Wilfrid Laurier University.Whether the measure actually reaches workers who are currently excluded from traditional unemployment benefits will depend in no small part on how the government designs eligibility criteria, Schirle said.â€œWhat kind of work history do they need to be eligible and what kind of documentation theyâ€™re going to need?â€The government also has yet to release details on the income replacement rate and maximum duration of the new benefit.To help prevent layoffs, the government is also eyeing a measure that would provide businesses struggling with the economic impact of COVID-19 with a subsidy equal to 10 per cent of employee wages, up to $1,375 per employee and $25,000 per employer.,,,,,,,,,,,,,,,,,,,,,
,,,,,,,,,,,,,,,,,,,,,,,,,,,,,,,,,,,,,,,,,,
,,,,,,,,,,,,,,,,,,,,,,,,,,,,,,,,,,,,,,,,,,
,,,,,,,,,,,,,,,,,,,,,,,,,,,,,,,,,,,,,,,,,,
,,,,,,,,,,,,,,,,,,,,,,,,,,,,,,,,,,,,,,,,,,
, Ottawa estimates.Trudeau said Ottawa will also temporarily boost the Canada Child Benefit (CCB) over the coming months. The government is proposing to boost the maximum annual CCB payment amounts by $300 per child for the 2019-20 benefit year.Families receiving the CCB will get an extra $300 per child as part of their May payment, the government said.Ottawa will also double the maximum annual Goods and Services Tax Credit (GSTC), providing an average income boost of $400 for low-income income individuals and close to $600 for couples.Finance Minister Bill Morneau told reporters single parents could be eligible for up to $1,500 in support from the two measures combined.Ottawa is moving the tax-filing deadline from April 30 to June 1 for individuals, mirroring a similar move implemented in the U.S. Individual taxpayers will also be able to defer payments on taxes owed to August 31 interest-free.The Chartered Professional Accountants of Canada welcomed the decision to move the tax deadline. However, the association also noted that Ottawa â€œdid not provide a comprehensive update on all tax deadlines including some quickly approaching.â€Trudeau said the government is also proposing a six-month, interest-free moratorium on the repayment of federal student loans.Morneau said Canadian retirees will be allowed to make smaller withdrawals from their retirement accounts.The move is meant to help seniors who have seen the value of their retirement savings drop as financial markets plunge amid the health emergency. Withdrawing funds during a market crash crystallizes investorsâ€™ losses and negates the possibility to capture the gains of a market recovery.The government is reducing mandatory minimum withdrawals from registered retirement income funds (RRIFs) by 25 per cent for 2020. Similar rules would apply for seniors receiving variable benefit payments under a defined-contribution registered pension plan.The Canadian government will allow businesses to defer payments of income tax amounts until after Aug. 31. No interest or penalties will accumulate.The government will also increase the tax credits available to small, medium and large businesses.,,,,,,,,,,,,,,,,,,,,,,,,,,,,,,,,,,
,,,,,,,,,,,,,,,,,,,,,,,,,,,,,,,,,,,,,,,,,,
,,,,,,,,,,,,,,,,,,,,,,,,,,,,,,,,,,,,,,,,,,
," how coronavirus is changing our lives			",,,,,,,,,,,,,,,,,,,,,,,,,,,,,,,,,,,,,,,,,
,,,,,,,,,,,,,,,,,,,,,,,,,,,,,,,,,,,,,,,,,,
, Trudeau announced the new Business Credit Availability Program, which will provide more than $10 billion in additional support to businesses through the Business Development Bank of Canada and Export Development Canada.The government said it will also â€œfurther expand Export Development Canadaâ€™s ability to provide support for domestic businesses, and provide flexibility on the Canada Account limit, so the government can support Canadian businesses of national interest.â€The government will also augment the credit available to farmers and the agri-food sector through Farm Credit Canada.Lastly, the government will launch an Insured Mortgage Protection Program to purchase up to $50 billion of insured mortgage pools through CMHC.,,,,,,,,,,,,,,,,,,,,,,,,,,,,,,,,,,,,,
,,,,,,,,,,,,,,,,,,,,,,,,,,,,,,,,,,,,,,,,,,
,,,,,,,,,,,,,,,,,,,,,,,,,,,,,,,,,,,,,,,,,,
,,,,,,,,,,,,,,,,,,,,,,,,,,,,,,,,,,,,,,,,,,
,,,,,,,,,,,,,,,,,,,,,,,,,,,,,,,,,,,,,,,,,,
,â€ the release said.Get a roundup of the most important and intriguing stories, delivered to your inboxGet a roundup of the most important and intriguing stories," delivered to your inbox""",,,,,,,,,,,,,,,,,,,,,,,,,,,,,,,,,,,,,,,
,â€ he warned in an address to Canadians on Monday from Rideau Cottage, where he is currently in self-isolation.â€œGo home and stay home.â€Trudeauâ€™s warning comes as provinces and territories over the weekend threatened to roll out fines and potentially even criminal enforcement measures like arrests in order to enforce social distancing.,,,,,,,,,,,,,,,,,,,,,,,,,,,,,,,,,,,,,,,,
,,,,,,,,,,,,,,,,,,,,,,,,,,,,,,,,,,,,,,,,,,
,,,,,,,,,,,,,,,,,,,,,,,,,,,,,,,,,,,,,,,,,,
,,,,,,,,,,,,,,,,,,,,,,,,,,,,,,,,,,,,,,,,,,
,,,,,,,,,,,,,,,,,,,,,,,,,,,,,,,,,,,,,,,,,,
, beaches and other public areas despite warnings from public health officials that isolating from other people is a critical means of trying to limit the spread of the virus.Trudeau said he will be speaking with premiers from across the country on Monday evening to discuss how they can co-ordinate to crack down on those ignoring social distancing.,,,,,,,,,,,,,,,,,,,,,,,,,,,,,,,,,,,,,,,,,
,,,,,,,,,,,,,,,,,,,,,,,,,,,,,,,,,,,,,,,,,,
,,,,,,,,,,,,,,,,,,,,,,,,,,,,,,,,,,,,,,,,,,
," selfish coronavirus reactions			",,,,,,,,,,,,,,,,,,,,,,,,,,,,,,,,,,,,,,,,,
,,,,,,,,,,,,,,,,,,,,,,,,,,,,,,,,,,,,,,,,,,
, there is more that needs to be done around messaging,â€ he said, noting that the government will be rolling out an advertising campaign aimed at driving that home.If Canadians do not get the message and stay home, the government could act to force them.,,,,,,,,,,,,,,,,,,,,,,,,,,,,,,,,,,,,,,
,,,,,,,,,,,,,,,,,,,,,,,,,,,,,,,,,,,,,,,,,,
,,,,,,,,,,,,,,,,,,,,,,,,,,,,,,,,,,,,,,,,,,
,,,,,,,,,,,,,,,,,,,,,,,,,,,,,,,,,,,,,,,,,,
,,,,,,,,,,,,,,,,,,,,,,,,,,,,,,,,,,,,,,,,,,
, new and existing measures under the Quarantine Act,â€ Trudeau continued.â€œWe are impressing upon Canadians to do this of their own will.â€Deputy Prime Minister Chrystia Freeland and Chief Public Health Officer Dr. Theresa Tam echoed those calls during a ministerial press conference shortly after Trudeau spoke to reporters.[ Sign up for our Health IQ newsletter for the latest coronavirus updates ]â€œCanadians must practice social and physical distancing,â€ urged Freeland. â€œThat means stay at home unless you are doing essential work like stocking grocery stores, staffing pharmacies and providing medical care.â€Tam said â€œunrelenting social distancingâ€ is needed in order to slow community spread of the virus.On Sunday, Trudeau announced the House of Commons will reconvene on Tuesday to pass legislation â€” which includes an $82-billion aid package â€” to support Canadians impacted by the novel coronavirus outbreak.Trudeau said the government is working closely with provinces and territories in the fight against COVID-19, the disease caused by the virus, but that Canada is not at the point where the Emergencies Act needs to be invoked.On Saturday, Trudeau said the government is working with commercial airlines in order to repatriate Canadians stranded abroad.The first of those flights â€” from Casablanca, Morocco â€” landed in Montreal on Saturday.Trudeau said the government is working to secure flights to other locations, including Peru and Spain, in the coming days but said the government will not be able to help all Canadians seeking assistance.,,,,,,,,,,,,,,,,,,,,,,,,,,,,,,,
,,,,,,,,,,,,,,,,,,,,,,,,,,,,,,,,,,,,,,,,,,
,,,,,,,,,,,,,,,,,,,,,,,,,,,,,,,,,,,,,,,,,,
,,,,,,,,,,,,,,,,,,,,,,,,,,,,,,,,,,,,,,,,,,
,,,,,,,,,,,,,,,,,,,,,,,,,,,,,,,,,,,,,,,,,,
, by 6 p.m. ET on Sunday, more than 1,400 cases of the virus had been confirmed in the country, with the majority reported in Ontario and B.C.So far, 20 people have died in Canada from COVID-19, PHAC said.Get a roundup of the most important and intriguing stories, delivered to your inboxGet a roundup of the most important and intriguing stories," delivered to your inbox""",,,,,,,,,,,,,,,,,,,,,,,,,,,,,,,,,,
, the city where the outbreak first emerged.The prime minister was pressed by reporters Friday about holding the Communist Party of China accountable amid criticism it hadnâ€™t been fully transparent in the early stages of the viral outbreak and provided incomplete data to the World Health Organization.READ MORE: Why is the World Health Organization accused of mishandling the coronavirus pandemic?Trudeau said his job right now is to make sure Canadians get the best â€œsupportâ€ and â€œprotectionâ€ as COVID-19 has devastated Canadaâ€™s economy and sickened over 30,000.â€œThat means ensuring that cooperation and collaboration on the international stage is done properly,â€ Trudeau said. â€œThat means focusing right now on today and tomorrow on how we are going to keep Canadians safe.â€â€œThere will be plenty of time to point fingers, to ask questions, to draw conclusion and ensure there are consequences for what countries may have done during this pandemic,â€ he said.Trudeau said one priority is ensuring Canadian frontline health care workers get the protective equipment they need to battle the spread of the virus.â€œThere will be many questions to ask, once we are through this on how various countries behaved and what sort of principles we need to learn from and conclusions we need to draw as we move forward,â€ he said.China has faced criticism from world leaders, including U.S. President Donald Trump and French President Emmanuel Macron, over its handling of the outbreak.Trump has been Chinaâ€™s most vocal critic, and earlier this week announced his administration was temporarily halting funding to the WHO for taking Chinaâ€™s claims about the coronavirus â€œat face value,â€ and failing to share information about the pandemic as it spread.Health experts around the world condemned Trumpâ€™s decision and G7 leaders backed the WHO in a virtual summit this week.[ Sign up for our Health IQ newsletter for the latest coronavirus updates ]On Friday, China announced the addition of 1,290 victims had died from COVID-19 in Wuhan bringing the death toll to 3,869 in city where the illness began.State media attributed the initial undercount to how overwhelmed the health system was coping with thousands of sick patients, the Associated Press reported.But questions have been ongoing about the accuracy of the case reporting coming out of China amid accusations Chinese officials downplayed the impact of the outbreak and wasted opportunities to reduce the spread of the virus.U.S. intelligence agencies, including the C.I.A., have been warning the White House since early February that China has understated its coronavirus infections and that itâ€™s data could not be relied upon to create modelling for the virus.Meanwhile, critics in Canada, including former Liberal justice minister Irwin Cotler and a number of Conservative MPs in Canada, have called for the Trudeau government to hold China to account for its actions.READ MORE: Coronavirus coverup is â€˜Chinaâ€™s Chernobyl moment,â€™ warn 100 politicians, expertsCotler has called what happened Chinaâ€™s â€œChernobyl moment,â€ comparing it to how officials in the former Soviet Union covered up the 1986 nuclear accident in Ukraine. Cotler was one of more than 100 people to sign an open letter condemning President Xi Jinpingâ€™s Communist Party of China.â€œThe global pandemic forces us all to confront an inconvenient truth: by politicizing all aspects of life including peopleâ€™s health, continued autocratic one-party rule in the Peopleâ€™s Republic of China has endangered everyone,â€ the letter said. â€œRather than trusting the CCPâ€™s intentions and accepting establishment academicsâ€™ uncritical approval of the party-stateâ€™s policies, we should pay greater attention to the voices of what can be termed â€˜unofficialâ€™ China.â€China has faced criticism in the past about not being fully transparent amid viral outbreaks.During the 2003 SARS epidemic, China was accused of concealing information about the number of illnesses and putting economic considerations before the lives of citizens.In some cases, patients were hidden in hotels and obscure hospital wings and even driven around in ambulances to avoid detection by World Health Organization experts.With files from the Associated PressGet a roundup of the most important and intriguing stories, delivered to your inboxGet a roundup of the most important and intriguing stories, delivered to your inbox,,,,,,,,,,,
, where he is in self-isolation, Trudeau was questioned on proposals that Global News first reported were contained in a draft version of the coronavirus support bill set to be tabled on Tuesday in the House of Commons.Those include broad new powers to authorize the federal cabinet to spend money until December 2021, and in some cases without any time limits at all, without having to put their proposals to a vote in the House of Commons.â€œWe recognize that this pandemic is moving extremely quickly and it is an exception situation that requires extreme flexibility and rapidity,â€ Trudeau said when asked why he proposed giving the government those new powers.He insisted the bill will respect democratic values.Parliament adjourned on March 13 until at least April 20 as part of a countrywide effort to curb the spread of the virus.It was recalled Tuesday to deal with the emergency aid package, with only about one in every 10 MPs present in the Commons, seated at least two metres apart.,,,,,,,,,,,,,,,,,,,,,,,,,,,,,,,,,,,
,,,,,,,,,,,,,,,,,,,,,,,,,,,,,,,,,,,,,,,,,,
,,,,,,,,,,,,,,,,,,,,,,,,,,,,,,,,,,,,,,,,,,
,,,,,,,,,,,,,,,,,,,,,,,,,,,,,,,,,,,,,,,,,,
,,,,,,,,,,,,,,,,,,,,,,,,,,,,,,,,,,,,,,,,,,
, which was contained in draft legislation revealed on Monday night.The contents of that draft quickly sparked criticism from Conservatives and questions from parliamentary experts about whether the proposals to allow spending without parliamentary approval go too far.On Tuesday morning, Prime Minister Justin Trudeau tweeted that one part of the proposed legislation would be removed.That section would have granted extraordinary power to the finance minister to change tax rules without having to get parliamentary approval. However, Trudeau did not indicate whether other measures that would grant further extraordinary spending powers to the federal cabinet will also be removed.The legislation will be tabled without clause 2.â€” Justin Trudeau (@JustinTrudeau) March 24, 2020The draft version of the legislation seen by Global NewsÂ includes 20 sections, one of which will create a new Public Health Events of National Concern Payments Act that would allow any cabinet minister with the approval of the finance minister to dispense â€œall money required to do anythingâ€ in the event of a public health emergency.The proposals are highly unusual because the power to tax and spend are powers belonging to the Parliament of Canada. By removing the need for parliamentary approval, the proposed measures would eliminate the ability of MPs in a minority government to vote for or against them.It would also have the effect of significant reducing the number of confidence votes the government faces, because all bills dealing with money are votes the government must win or else risk falling.Scheer says the Conservatives are prepared to come back to Ottawa on short notice should the government require more money or other measures to help Canadians.But he says Canadians are looking for help and not a â€œpower grabâ€ or partisan politics.READ MORE: CBSA â€˜looking into circumstancesâ€™ of traveller who died of COVID-19 hours after landing in Torontoâ€œWe have been negotiating with the government in good faith and have been clear that we would act quickly to pass the measures that the prime minister has announced publicly,â€ Scheer said in a statement issued after Trudeau spoke on Tuesday.â€œHowever, there are several aspects of the governmentâ€™s legislation that are undemocratic â€“ removing one does not solve the problem.â€He continued, saying that the focus of the legislation should be â€œgetting help to Canadians, not granting the government unprecedented powers.â€â€œThere is a simple solution: if the government tables a bill focused on the relief the prime minister has announced to date Conservatives are ready to pass it quickly.â€The House of Commons had been slated to resume at noon on Tuesday.Immediately after the sitting opened though, Government House Leader Pablo Rodriguez stood to ask that is be suspended again until later in the day.He said negotiations with the other parties continue.Canadians need support to get through this. Fast. The negotiations with other parties are still ongoing and the House will resume later today. We all need to come together and get this done. Canadians are counting on us. #cdnpoliâ€” Pablo Rodriguez (@pablorodriguez) March 24, 2020Those negotiations continued into Tuesday evening as the House remained suspended.In an evening interview with Global News, Scheer said talks continue as the parties try to find â€œa way to move forward.â€â€œWe continue to believe that if the government just separates the financial measures, we can pass that immediately,â€ he said.The Conservatives are not prepared to â€œgive the government unlimited power without the proper parliamentary oversight.â€â€œI am optimistic that weâ€™re going to find a solution,â€ Scheer said.â€” With files by The Canadian Press, Global News reporter Maryam ShahGet a roundup of the most important and intriguing stories, delivered to your inboxGet a roundup of the most important and intriguing stories," delivered to your inbox""",,,,,,,,,,,,,,,,,,,,,,
